{
  "transform_matrix": [
    [
      0.9996509344564471,
      0.006305382768699639,
      0.025656410280712257,
      -0.029895251166150758
    ],
    [
      -0.007441571042584304,
      -0.8645864984273385,
      0.502428910153041,
      -0.5628711733596704
    ],
    [
      0.025350192519391683,
      -0.5024444535322236,
      -0.864237779117492,
      0.6518607026316375
    ],
    [
      0.0,
      0.0,
      0.0,
      1.0
    ]
  ],
  "calibration_points": [
    {
      "marker_id": 0,
      "camera": {
        "x": 0.34733606111195214,
        "y": -0.07000838621172432,
        "z": 0.741,
        "center_x": 499,
        "center_y": 205
      },
      "robot": {
        "x": 0.2026,
        "y": -0.1814,
        "z": 0.05164
      }
    },
    {
      "marker_id": 1,
      "camera": {
        "x": 0.3408382413417366,
        "y": 0.2279183763553682,
        "z": 0.569,
        "center_x": 549,
        "center_y": 395
      },
      "robot": {
        "x": 0.20003,
        "y": -0.42785,
        "z": 0.05571
      }
    },
    {
      "marker_id": 2,
      "camera": {
        "x": -0.3273196046707487,
        "y": -0.07087111271867498,
        "z": 0.73,
        "center_x": 147,
        "center_y": 204
      },
      "robot": {
        "x": -0.21212,
        "y": -0.18155,
        "z": 0.0521
      }
    },
    {
      "marker_id": 3,
      "camera": {
        "x": -0.3333960702272528,
        "y": 0.2174055789949252,
        "z": 0.561,
        "center_x": 91,
        "center_y": 390
      },
      "robot": {
        "x": -0.21399,
        "y": -0.41729,
        "z": 0.04784
      }
    }
  ],
  "timestamp": "2026-05-20T02:37:54",
  "description": "Camera to UR3e base frame \u2014 auto calibration",
  "tray_corners_robot": {
    "0": [
      0.2026,
      -0.1814,
      0.05164
    ],
    "1": [
      0.20003,
      -0.42785,
      0.05571
    ],
    "2": [
      -0.21212,
      -0.18155,
      0.0521
    ],
    "3": [
      -0.21399,
      -0.41729,
      0.04784
    ]
  }
}