{
    "fabric": {
        "orientation": [
            -1.5645595497424094,
            -0.010348163937575188,
            0.007059677782124302
        ],
        "position": [
            0.08166391468681795,
            0.4417318320656999,
            0.6113575488902491
        ]
    },
    "hdpe": {
        "orientation": [
            -3.134582742894579,
            -0.30693272190048504,
            -0.03990588633571328
        ],
        "position": [
            0.5833365595885109,
            -0.053537053563619035,
            0.09022771885387476
        ]
    },
    "hdpe_bottle": {
        "orientation": [
            -3.1137094892049357,
            -0.863773149460377,
            0.4328118256317162
        ],
        "position": [
            0.5857224913664493,
            0.42423048934562546,
            0.14143896490376767
        ]
    },
    "hdpose hdpe_bottle": {
        "orientation": [
            3.017392510263533,
            -0.7868368864879414,
            0.20731128575136548
        ],
        "position": [
            0.6172580946519022,
            0.34293886316230127,
            0.10949870490868233
        ]
    },
    "metal": {
        "orientation": [
            0.4704533919703417,
            -0.7594665864967116,
            0.6794894420347449
        ],
        "position": [
            -0.18754285953169905,
            -0.43027532755396264,
            0.7375280386493742
        ]
    },
    "plastic": {
        "orientation": [
            3.14,
            -0.0,
            0.0
        ],
        "position": [
            0.37,
            0.25,
            0.15
        ]
    }
}