{
    "fabric": {
        "orientation": [
            -1.5645595497424094,
            -0.01034816393757519,
            0.007059677782124304
        ],
        "position": [
            0.08166391468681795,
            0.4417318320656999,
            0.6113575488902491
        ]
    },
    "hdpe": {
        "orientation": [
            -3.134582742894579,
            -0.30693272190048504,
            -0.03990588633571327
        ],
        "position": [
            0.5833365595885109,
            -0.053537053563619035,
            0.09022771885387476
        ]
    },
    "hdpe_bottle": {
        "orientation": [
            -3.133409688772073,
            0.44205703629294785,
            3.0868754430500083
        ],
        "position": [
            0.565411850039197,
            0.18476273728644574,
            0.08390107559095336
        ]
    },
    "hdpose hdpe_bottle": {
        "orientation": [
            3.017392510263533,
            -0.7868368864879416,
            0.2073112857513655
        ],
        "position": [
            0.6172580946519022,
            0.34293886316230127,
            0.10949870490868233
        ]
    },
    "metal": {
        "orientation": [
            0.4704533919703417,
            -0.7594665864967116,
            0.6794894420347449
        ],
        "position": [
            -0.18754285953169905,
            -0.43027532755396264,
            0.7375280386493742
        ]
    },
    "pet_bottle": {
        "orientation": [
            2.968982253545826,
            -0.8449186284846698,
            0.49406580968195135
        ],
        "position": [
            0.5384366561846021,
            0.3462349528550814,
            0.18368036817264677
        ]
    },
    "plastic": {
        "orientation": [
            3.14,
            -0.0,
            0.0
        ],
        "position": [
            0.37,
            0.25,
            0.15
        ]
    }
}