{
  "transform_matrix": [
    [
      0.998568574760973,
      0.0418929095215889,
      -0.03325335519394519,
      -0.004756436350854437
    ],
    [
      0.05015945160880353,
      -0.9493212868674784,
      0.31027910615215076,
      -0.5833770588401107
    ],
    [
      -0.01856962342490588,
      -0.31150293486914304,
      -0.9500637297854114,
      0.37431397486904794
    ],
    [
      0.0,
      0.0,
      0.0,
      1.0
    ]
  ],
  "calibration_points": [
    {
      "marker_id": 0,
      "camera": {
        "x": -0.3139087091336498,
        "y": 0.17080058497680842,
        "z": 0.541,
        "detected": true,
        "marker_id": 0,
        "center_x": 95,
        "center_y": 359
      },
      "robot": {
        "x": -0.19706,
        "y": -0.48242,
        "z": -0.17588
      }
    },
    {
      "marker_id": 1,
      "camera": {
        "x": 0.3425049392673173,
        "y": 0.1687863650043074,
        "z": 0.526,
        "detected": true,
        "marker_id": 1,
        "center_x": 571,
        "center_y": 361
      },
      "robot": {
        "x": 0.19657,
        "y": -0.46311,
        "z": -0.17830000000000001
      }
    },
    {
      "marker_id": 2,
      "camera": {
        "x": 0.35326858880512746,
        "y": -0.2974839174996147,
        "z": 0.639,
        "detected": true,
        "marker_id": 2,
        "center_x": 533,
        "center_y": 57
      },
      "robot": {
        "x": 0.19341999999999998,
        "y": -0.2019,
        "z": -0.15367
      }
    },
    {
      "marker_id": 3,
      "camera": {
        "x": -0.29644181542468667,
        "y": -0.29083430346572925,
        "z": 0.65,
        "detected": true,
        "marker_id": 3,
        "center_x": 143,
        "center_y": 64
      },
      "robot": {
        "x": -0.21542,
        "y": -0.21465,
        "z": -0.15735
      }
    }
  ],
  "timestamp": "2026-04-28T04:02:35",
  "description": "Camera to UR3e base frame calibration"
}