{
  "transform_matrix": [
    [
      0.9996884178866033,
      0.017849115542617644,
      0.01744924691001209,
      -0.026728189631133385
    ],
    [
      0.011440955026868257,
      -0.9489472400194671,
      0.3152272834123167,
      -0.5045900646845661
    ],
    [
      0.022184942899486103,
      -0.31492942818000025,
      -0.9488557759611123,
      0.6069977231707503
    ],
    [
      0.0,
      0.0,
      0.0,
      1.0
    ]
  ],
  "homography_pixel_to_robot_mm": [
    [
      1.1596330992728012,
      0.009111270917615915,
      -392.3520177139385
    ],
    [
      0.04837613158342555,
      -1.6438158690003652,
      -8.740786856974713
    ],
    [
      -0.00010212936981024765,
      0.0010731056813789058,
      1.0
    ]
  ],
  "calibration_points": [
    {
      "marker_id": 0,
      "camera": {
        "x": 0.348698202488642,
        "y": -0.18265833490173844,
        "z": 0.651,
        "center_x": 527,
        "center_y": 130
      },
      "robot": {
        "x": 0.2026,
        "y": -0.1814,
        "z": 0.05164
      }
    },
    {
      "marker_id": 1,
      "camera": {
        "x": 0.3380751722664685,
        "y": 0.1645213763687809,
        "z": 0.535,
        "center_x": 564,
        "center_y": 356
      },
      "robot": {
        "x": 0.20003,
        "y": -0.42785,
        "z": 0.05571
      }
    },
    {
      "marker_id": 2,
      "camera": {
        "x": -0.31581331135183816,
        "y": -0.19440221252325807,
        "z": 0.645,
        "center_x": 133,
        "center_y": 122
      },
      "robot": {
        "x": -0.21212,
        "y": -0.18155,
        "z": 0.0521
      }
    },
    {
      "marker_id": 3,
      "camera": {
        "x": -0.32754915794514317,
        "y": 0.14448870859509816,
        "z": 0.533,
        "center_x": 85,
        "center_y": 342
      },
      "robot": {
        "x": -0.21399,
        "y": -0.41729,
        "z": 0.04784
      }
    }
  ],
  "timestamp": "2026-05-25T01:44:19",
  "description": "Camera to UR3e base frame \u2014 auto calibration",
  "tray_corners_robot": {
    "0": [
      0.2026,
      -0.1814,
      0.05164
    ],
    "1": [
      0.20003,
      -0.42785,
      0.05571
    ],
    "2": [
      -0.21212,
      -0.18155,
      0.0521
    ],
    "3": [
      -0.21399,
      -0.41729,
      0.04784
    ]
  }
}