{
  "transform_matrix": [
    [
      0.9990320112174771,
      -0.02139171044542683,
      0.03843742039967141,
      -0.02412434282047237
    ],
    [
      -0.032703435524141095,
      -0.9455756630851776,
      0.3237547693640114,
      -0.46289090653872367
    ],
    [
      0.02941982100014216,
      -0.3246984140787341,
      -0.945359938873588,
      0.650236303072774
    ],
    [
      0.0,
      0.0,
      0.0,
      1.0
    ]
  ],
  "homography_pixel_to_robot_mm": [
    [
      1.2835051213124187,
      -0.04055657594940711,
      -404.1407216230447
    ],
    [
      -0.012988775883860942,
      -1.7921743393618743,
      91.34565090406788
    ],
    [
      -8.620162694578112e-05,
      0.0011946740391283776,
      1.0
    ]
  ],
  "calibration_points": [
    {
      "marker_id": 0,
      "camera": {
        "x": 0.33117481161213114,
        "y": -0.13999086663859467,
        "z": 0.688,
        "center_x": 502,
        "center_y": 164
      },
      "robot": {
        "x": 0.2026,
        "y": -0.1814,
        "z": 0.05164
      }
    },
    {
      "marker_id": 1,
      "camera": {
        "x": 0.34030925484997265,
        "y": 0.21403733369867206,
        "z": 0.567,
        "center_x": 547,
        "center_y": 384
      },
      "robot": {
        "x": 0.20003,
        "y": -0.42785,
        "z": 0.05571
      }
    },
    {
      "marker_id": 2,
      "camera": {
        "x": -0.3470174559125444,
        "y": -0.12357319676111077,
        "z": 0.668,
        "center_x": 123,
        "center_y": 171
      },
      "robot": {
        "x": -0.21212,
        "y": -0.18155,
        "z": 0.0521
      }
    },
    {
      "marker_id": 3,
      "camera": {
        "x": -0.34298462539010327,
        "y": 0.21672781379006054,
        "z": 0.551,
        "center_x": 84,
        "center_y": 390
      },
      "robot": {
        "x": -0.21399,
        "y": -0.41729,
        "z": 0.04784
      }
    }
  ],
  "timestamp": "2026-05-26T04:35:23",
  "description": "Camera to UR3e base frame \u2014 auto calibration",
  "tray_corners_robot": {
    "0": [
      0.2026,
      -0.1814,
      0.05164
    ],
    "1": [
      0.20003,
      -0.42785,
      0.05571
    ],
    "2": [
      -0.21212,
      -0.18155,
      0.0521
    ],
    "3": [
      -0.21399,
      -0.41729,
      0.04784
    ]
  }
}