{
  "transform_matrix": [
    [
      0.9990551836495961,
      -0.020195227359563646,
      0.03848237018126144,
      0.008564784886475843
    ],
    [
      -0.03065131030374365,
      -0.9551634048857028,
      0.29448831410399834,
      -0.6341021011827042
    ],
    [
      0.030809693272340864,
      -0.2953896117994793,
      -0.9548799610639116,
      0.606878574529342
    ],
    [
      0.0,
      0.0,
      0.0,
      1.0
    ]
  ],
  "homography_pixel_to_robot_mm": [
    [
      1.1342438983876635,
      -0.020019925971252284,
      -340.65960120121895
    ],
    [
      0.012661483143846419,
      -1.682488830514988,
      -98.40982474634235
    ],
    [
      -0.00011162447986207872,
      0.0010217796251548708,
      1.0
    ]
  ],
  "calibration_points": [
    {
      "marker_id": 0,
      "camera": {
        "x": 0.28519853149635377,
        "y": -0.331856015647521,
        "z": 0.69,
        "center_x": 480,
        "center_y": 53
      },
      "robot": {
        "x": 0.2026,
        "y": -0.1814,
        "z": 0.05164
      }
    },
    {
      "marker_id": 1,
      "camera": {
        "x": 0.29508010682625485,
        "y": 0.018439583368076485,
        "z": 0.582,
        "center_x": 516,
        "center_y": 250
      },
      "robot": {
        "x": 0.20003,
        "y": -0.42785,
        "z": 0.05571
      }
    },
    {
      "marker_id": 2,
      "camera": {
        "x": -0.37568787198002607,
        "y": -0.31922579577697996,
        "z": 0.671,
        "center_x": 106,
        "center_y": 55
      },
      "robot": {
        "x": -0.21212,
        "y": -0.18155,
        "z": 0.0521
      }
    },
    {
      "marker_id": 3,
      "camera": {
        "x": -0.37139448223175703,
        "y": 0.020878346400728692,
        "z": 0.566,
        "center_x": 69,
        "center_y": 252
      },
      "robot": {
        "x": -0.21399,
        "y": -0.41729,
        "z": 0.04784
      }
    }
  ],
  "timestamp": "2026-05-28T03:22:22",
  "description": "Camera to UR3e base frame \u2014 auto calibration",
  "tray_corners_robot": {
    "0": [
      0.2026,
      -0.1814,
      0.05164
    ],
    "1": [
      0.20003,
      -0.42785,
      0.05571
    ],
    "2": [
      -0.21212,
      -0.18155,
      0.0521
    ],
    "3": [
      -0.21399,
      -0.41729,
      0.04784
    ]
  }
}