{
  "transform_matrix": [
    [
      0.9995281262241387,
      -0.023951612439579537,
      -0.019231358464933197,
      -0.007109294768528755
    ],
    [
      -0.01804620509591968,
      -0.9645334780258548,
      0.2633429403819007,
      -0.5697230806152751
    ],
    [
      -0.02485677711407054,
      -0.2628716227151451,
      -0.9645105756820957,
      0.6179404763577211
    ],
    [
      0.0,
      0.0,
      0.0,
      1.0
    ]
  ],
  "homography_pixel_to_robot_mm": [
    [
      1.1629432712651233,
      -0.007159502611116861,
      -382.1963944178551
    ],
    [
      -0.07251574198137999,
      -1.594910906007863,
      -59.05545011375479
    ],
    [
      7.597652633198881e-05,
      0.0008847184091594092,
      1.0
    ]
  ],
  "calibration_points": [
    {
      "marker_id": 0,
      "camera": {
        "x": 0.3523714795933734,
        "y": -0.3010682646888158,
        "z": 0.656,
        "center_x": 520,
        "center_y": 64
      },
      "robot": {
        "x": 0.2026,
        "y": -0.1814,
        "z": 0.05164
      }
    },
    {
      "marker_id": 1,
      "camera": {
        "x": 0.34756690847687677,
        "y": 0.06832281626908196,
        "z": 0.557,
        "center_x": 553,
        "center_y": 285
      },
      "robot": {
        "x": 0.20003,
        "y": -0.42785,
        "z": 0.05571
      }
    },
    {
      "marker_id": 2,
      "camera": {
        "x": -0.32715115886187907,
        "y": -0.2817826114297991,
        "z": 0.676,
        "center_x": 132,
        "center_y": 80
      },
      "robot": {
        "x": -0.21212,
        "y": -0.18155,
        "z": 0.0521
      }
    },
    {
      "marker_id": 3,
      "camera": {
        "x": -0.3308688341910133,
        "y": 0.07685004342946175,
        "z": 0.577,
        "center_x": 98,
        "center_y": 289
      },
      "robot": {
        "x": -0.21399,
        "y": -0.41729,
        "z": 0.04784
      }
    }
  ],
  "timestamp": "2026-05-21T05:35:21",
  "description": "Camera to UR3e base frame \u2014 auto calibration",
  "tray_corners_robot": {
    "0": [
      0.2026,
      -0.1814,
      0.05164
    ],
    "1": [
      0.20003,
      -0.42785,
      0.05571
    ],
    "2": [
      -0.21212,
      -0.18155,
      0.0521
    ],
    "3": [
      -0.21399,
      -0.41729,
      0.04784
    ]
  }
}