{
  "transform_matrix": [
    [
      0.9998044920103949,
      0.015538646348380461,
      0.012228173432543156,
      -0.009451974151750175
    ],
    [
      0.010928184701358205,
      -0.9496249913041663,
      0.3131979416753812,
      -0.635497060106794
    ],
    [
      0.01647885114227906,
      -0.3130030772376246,
      -0.9496091412285416,
      0.5393264135152839
    ],
    [
      0.0,
      0.0,
      0.0,
      1.0
    ]
  ],
  "calibration_points": [
    {
      "marker_id": 0,
      "camera": {
        "x": -0.3217068891330782,
        "y": 0.005886481904951086,
        "z": 0.522,
        "detected": true,
        "marker_id": 0,
        "center_x": 91,
        "center_y": 239
      },
      "robot": {
        "x": -0.20501,
        "y": -0.42255000000000004,
        "z": 0.0363
      }
    },
    {
      "marker_id": 1,
      "camera": {
        "x": -0.3237087655306323,
        "y": -0.3385936389252381,
        "z": 0.638,
        "detected": true,
        "marker_id": 1,
        "center_x": 133,
        "center_y": 30
      },
      "robot": {
        "x": -0.2083,
        "y": -0.17512,
        "z": 0.0344
      }
    },
    {
      "marker_id": 2,
      "camera": {
        "x": 0.3334513238653473,
        "y": 0.0032583099443134907,
        "z": 0.535,
        "detected": true,
        "marker_id": 2,
        "center_x": 569,
        "center_y": 237
      },
      "robot": {
        "x": 0.20925,
        "y": -0.41904,
        "z": 0.0355
      }
    },
    {
      "marker_id": 3,
      "camera": {
        "x": 0.3357341037036099,
        "y": -0.3229051852992047,
        "z": 0.643,
        "detected": true,
        "marker_id": 3,
        "center_x": 530,
        "center_y": 41
      },
      "robot": {
        "x": 0.20847,
        "y": -0.17327,
        "z": 0.0355
      }
    }
  ],
  "timestamp": "2026-05-14T06:36:24",
  "description": "Camera to UR3e base frame calibration"
}