{
  "transform_matrix": [
    [
      0.9980714954501605,
      0.05701864319383142,
      0.024539036212010024,
      -0.055344331514783324
    ],
    [
      0.04018585258318042,
      -0.8947950833732257,
      0.4446648805822931,
      -0.5084279320512088
    ],
    [
      0.047311597119973535,
      -0.4428212202451871,
      -0.895360809773647,
      0.620872088982583
    ],
    [
      0.0,
      0.0,
      0.0,
      1.0
    ]
  ],
  "homography_pixel_to_robot_mm": [
    [
      1.4230768064450865,
      0.022407092242107955,
      -500.87162456429303
    ],
    [
      0.14135541664808735,
      -2.2609577250210187,
      150.89482681940964
    ],
    [
      -0.00018057687876186287,
      0.0018246775044022372,
      1.0
    ]
  ],
  "calibration_points": [
    {
      "marker_id": 0,
      "camera": {
        "x": 0.37171386763931613,
        "y": -0.06376424751100068,
        "z": 0.684,
        "center_x": 530,
        "center_y": 202
      },
      "robot": {
        "x": 0.2026,
        "y": -0.1814,
        "z": 0.05164
      }
    },
    {
      "marker_id": 1,
      "camera": {
        "x": 0.35355558626188316,
        "y": 0.24527018219705365,
        "z": 0.529,
        "center_x": 578,
        "center_y": 416
      },
      "robot": {
        "x": 0.20003,
        "y": -0.42785,
        "z": 0.05571
      }
    },
    {
      "marker_id": 2,
      "camera": {
        "x": -0.29056244261424147,
        "y": -0.09936785730451915,
        "z": 0.672,
        "center_x": 155,
        "center_y": 181
      },
      "robot": {
        "x": -0.21212,
        "y": -0.18155,
        "z": 0.0521
      }
    },
    {
      "marker_id": 3,
      "camera": {
        "x": -0.3117035976433423,
        "y": 0.19833243001141163,
        "z": 0.525,
        "center_x": 93,
        "center_y": 383
      },
      "robot": {
        "x": -0.21399,
        "y": -0.41729,
        "z": 0.04784
      }
    }
  ],
  "timestamp": "2026-05-25T05:26:59",
  "description": "Camera to UR3e base frame \u2014 auto calibration",
  "tray_corners_robot": {
    "0": [
      0.2026,
      -0.1814,
      0.05164
    ],
    "1": [
      0.20003,
      -0.42785,
      0.05571
    ],
    "2": [
      -0.21212,
      -0.18155,
      0.0521
    ],
    "3": [
      -0.21399,
      -0.41729,
      0.04784
    ]
  }
}