{
  "transform_matrix": [
    [
      0.9998336565892391,
      -0.0008559061730308133,
      -0.01821885221452643,
      0.0011594126116363686
    ],
    [
      0.005763199774495584,
      -0.9328937483815103,
      0.36010559528984704,
      -0.564915373020257
    ],
    [
      -0.01730446993556985,
      -0.3601506929818664,
      -0.9327336348952635,
      0.35074580444164116
    ],
    [
      0.0,
      0.0,
      0.0,
      1.0
    ]
  ],
  "calibration_points": [
    {
      "marker_id": 0,
      "camera": {
        "x": -0.3358543077933454,
        "y": 0.11481154584388532,
        "z": 0.518,
        "detected": true,
        "marker_id": 0,
        "center_x": 72,
        "center_y": 323
      },
      "robot": {
        "x": -0.21975,
        "y": -0.42921,
        "z": -0.16797
      }
    },
    {
      "marker_id": 1,
      "camera": {
        "x": -0.3304310510855349,
        "y": -0.2209405670558694,
        "z": 0.654,
        "detected": true,
        "marker_id": 1,
        "center_x": 127,
        "center_y": 108
      },
      "robot": {
        "x": -0.21688,
        "y": -0.17984,
        "z": -0.17029
      }
    },
    {
      "marker_id": 2,
      "camera": {
        "x": 0.329630583819936,
        "y": 0.09747494046016608,
        "z": 0.505,
        "detected": true,
        "marker_id": 2,
        "center_x": 572,
        "center_y": 312
      },
      "robot": {
        "x": 0.201,
        "y": -0.41317000000000004,
        "z": -0.16194
      }
    },
    {
      "marker_id": 3,
      "camera": {
        "x": 0.3385510239898478,
        "y": -0.22395232405869883,
        "z": 0.629,
        "detected": true,
        "marker_id": 3,
        "center_x": 528,
        "center_y": 101
      },
      "robot": {
        "x": 0.20035,
        "y": -0.19003,
        "z": -0.16396
      }
    }
  ],
  "timestamp": "2026-05-01T00:04:33",
  "description": "Camera to UR3e base frame calibration"
}