{
  "transform_matrix": [
    [
      0.9675358712171845,
      0.1940602403322469,
      0.16191034874335458,
      -0.0928474535391438
    ],
    [
      -0.02468406509729354,
      -0.5650137897052361,
      0.8247121403090903,
      -0.7642022429262252
    ],
    [
      0.25152541588928284,
      -0.8019351847656511,
      -0.5418809136670206,
      0.12689228045730397
    ],
    [
      0.0,
      0.0,
      0.0,
      1.0
    ]
  ],
  "calibration_points": [
    {
      "marker_id": 0,
      "camera": {
        "x": -0.3298937874481533,
        "y": 0.14729158921922014,
        "z": 0.471,
        "detected": true,
        "marker_id": 0,
        "center_x": 52,
        "center_y": 358
      },
      "robot": {
        "x": -0.21669999999999998,
        "y": -0.43043,
        "z": -0.35822000000000004
      }
    },
    {
      "marker_id": 1,
      "camera": {
        "x": -0.3417331001770114,
        "y": -0.1488933455152747,
        "z": 0.637,
        "detected": true,
        "marker_id": 1,
        "center_x": 115,
        "center_y": 148
      },
      "robot": {
        "x": -0.1923,
        "y": -0.19099000000000002,
        "z": -0.11252
      }
    },
    {
      "marker_id": 2,
      "camera": {
        "x": 0.33553540013389016,
        "y": 0.14580779183651105,
        "z": 0.504,
        "detected": true,
        "marker_id": 2,
        "center_x": 577,
        "center_y": 349
      },
      "robot": {
        "x": 0.18508000000000002,
        "y": -0.39117,
        "z": -0.12678
      }
    },
    {
      "marker_id": 3,
      "camera": {
        "x": 0.32432220361312886,
        "y": -0.13881231789625656,
        "z": 0.66,
        "detected": true,
        "marker_id": 3,
        "center_x": 510,
        "center_y": 157
      },
      "robot": {
        "x": 0.21005000000000001,
        "y": -0.17323,
        "z": -0.13335
      }
    }
  ],
  "timestamp": "2026-05-01T05:52:53",
  "description": "Camera to UR3e base frame calibration"
}