{
  "transform_matrix": [
    [
      0.9965600292155126,
      -0.07311718995701107,
      0.0390126223518426,
      -0.04900885546055464
    ],
    [
      -0.08285423899414895,
      -0.8687311754155049,
      0.48830453606524676,
      -0.619939055353464
    ],
    [
      -0.0018119742485953865,
      -0.48985714386337736,
      -0.8718008346837806,
      0.36879488778747804
    ],
    [
      0.0,
      0.0,
      0.0,
      1.0
    ]
  ],
  "calibration_points": [
    {
      "marker_id": 0,
      "camera": {
        "x": -0.3124926410486221,
        "y": 0.171380059731299,
        "z": 0.519,
        "detected": true,
        "marker_id": 0,
        "center_x": 88,
        "center_y": 368
      },
      "robot": {
        "x": -0.22385,
        "y": -0.43228,
        "z": -0.16468
      }
    },
    {
      "marker_id": 1,
      "camera": {
        "x": -0.3415503442250468,
        "y": -0.13273126711901798,
        "z": 0.686,
        "detected": true,
        "marker_id": 1,
        "center_x": 128,
        "center_y": 167
      },
      "robot": {
        "x": -0.22772,
        "y": -0.20175,
        "z": -0.16454
      }
    },
    {
      "marker_id": 2,
      "camera": {
        "x": 0.3562814491387854,
        "y": 0.11464663957573461,
        "z": 0.545,
        "detected": true,
        "marker_id": 2,
        "center_x": 570,
        "center_y": 322
      },
      "robot": {
        "x": 0.18402000000000002,
        "y": -0.43062,
        "z": -0.16449
      }
    },
    {
      "marker_id": 3,
      "camera": {
        "x": 0.3327696304963736,
        "y": -0.17890847622770314,
        "z": 0.706,
        "detected": true,
        "marker_id": 3,
        "center_x": 500,
        "center_y": 144
      },
      "robot": {
        "x": 0.20409,
        "y": -0.19648,
        "z": -0.15977000000000002
      }
    }
  ],
  "timestamp": "2026-04-30T03:48:24",
  "description": "Camera to UR3e base frame calibration"
}