{
  "transform_matrix": [
    [
      0.9997470171218799,
      0.011747834944550728,
      0.019180462195133727,
      -0.03880047374361097
    ],
    [
      0.0006326280740373249,
      -0.8671078669135179,
      0.4981200125656556,
      -0.5586746254658579
    ],
    [
      0.022483361350636628,
      -0.4979818626323699,
      -0.8668959354799007,
      0.6514040611287851
    ],
    [
      0.0,
      0.0,
      0.0,
      1.0
    ]
  ],
  "calibration_points": [
    {
      "marker_id": 0,
      "camera": {
        "x": 0.3608229068998945,
        "y": -0.06771024766042738,
        "z": 0.737,
        "center_x": 507,
        "center_y": 206
      },
      "robot": {
        "x": 0.2026,
        "y": -0.1814,
        "z": 0.05164
      }
    },
    {
      "marker_id": 1,
      "camera": {
        "x": 0.3516909649910119,
        "y": 0.2292603103320946,
        "z": 0.565,
        "center_x": 558,
        "center_y": 397
      },
      "robot": {
        "x": 0.20003,
        "y": -0.42785,
        "z": 0.05571
      }
    },
    {
      "marker_id": 2,
      "camera": {
        "x": -0.3112486276161167,
        "y": -0.0725737216633738,
        "z": 0.728,
        "center_x": 155,
        "center_y": 203
      },
      "robot": {
        "x": -0.21212,
        "y": -0.18155,
        "z": 0.0521
      }
    },
    {
      "marker_id": 3,
      "camera": {
        "x": -0.32284964691727275,
        "y": 0.21671376831011357,
        "z": 0.563,
        "center_x": 99,
        "center_y": 389
      },
      "robot": {
        "x": -0.21399,
        "y": -0.41729,
        "z": 0.04784
      }
    }
  ],
  "timestamp": "2026-05-20T06:52:30",
  "description": "Camera to UR3e base frame \u2014 auto calibration",
  "tray_corners_robot": {
    "0": [
      0.2026,
      -0.1814,
      0.05164
    ],
    "1": [
      0.20003,
      -0.42785,
      0.05571
    ],
    "2": [
      -0.21212,
      -0.18155,
      0.0521
    ],
    "3": [
      -0.21399,
      -0.41729,
      0.04784
    ]
  }
}