{
  "transform_matrix": [
    [
      0.9997240245421549,
      -0.015092514529728998,
      0.018002520890351696,
      -0.05932778131827681
    ],
    [
      -0.022219518825600946,
      -0.8562759627843437,
      0.5160404718051729,
      -0.6279268535741755
    ],
    [
      0.0076267775892833786,
      -0.5162980646515308,
      -0.8563750000441905,
      0.5908477970596628
    ],
    [
      0.0,
      0.0,
      0.0,
      1.0
    ]
  ],
  "homography_pixel_to_robot_mm": [
    [
      1.6386324772856695,
      -0.09129200447525466,
      -554.1038775869807
    ],
    [
      -0.0458075787155106,
      -3.0534955912387556,
      255.8108589213649
    ],
    [
      -1.9090572326545475e-05,
      0.0026553094669294003,
      0.9999999999999999
    ]
  ],
  "calibration_points": [
    {
      "marker_id": 0,
      "camera": {
        "x": 0.3856735033636014,
        "y": -0.15453551886497843,
        "z": 0.722,
        "center_x": 522,
        "center_y": 160
      },
      "robot": {
        "x": 0.2026,
        "y": -0.1814,
        "z": 0.05164
      }
    },
    {
      "marker_id": 1,
      "camera": {
        "x": 0.3854042108783644,
        "y": 0.1421459440749643,
        "z": 0.544,
        "center_x": 588,
        "center_y": 340
      },
      "robot": {
        "x": 0.20003,
        "y": -0.42785,
        "z": 0.05571
      }
    },
    {
      "marker_id": 2,
      "camera": {
        "x": -0.2996840555825306,
        "y": -0.13982027589791735,
        "z": 0.715,
        "center_x": 161,
        "center_y": 167
      },
      "robot": {
        "x": -0.21212,
        "y": -0.18155,
        "z": 0.0521
      }
    },
    {
      "marker_id": 3,
      "camera": {
        "x": -0.30303140143005947,
        "y": 0.14591721547397668,
        "z": 0.542,
        "center_x": 108,
        "center_y": 343
      },
      "robot": {
        "x": -0.21399,
        "y": -0.41729,
        "z": 0.04784
      }
    }
  ],
  "timestamp": "2026-05-26T03:38:30",
  "description": "Camera to UR3e base frame \u2014 auto calibration",
  "tray_corners_robot": {
    "0": [
      0.2026,
      -0.1814,
      0.05164
    ],
    "1": [
      0.20003,
      -0.42785,
      0.05571
    ],
    "2": [
      -0.21212,
      -0.18155,
      0.0521
    ],
    "3": [
      -0.21399,
      -0.41729,
      0.04784
    ]
  }
}