{
    "fabric": {
        "orientation": [
            -1.5645595497424094,
            -0.010348163937575192,
            0.0070596777821243075
        ],
        "position": [
            0.08166391468681795,
            0.4417318320656999,
            0.6113575488902491
        ]
    },
    "hdpe": {
        "orientation": [
            -3.134582742894579,
            -0.30693272190048504,
            -0.03990588633571326
        ],
        "position": [
            0.5833365595885109,
            -0.053537053563619035,
            0.09022771885387476
        ]
    },
    "hdpe_bottle": {
        "orientation": [
            -3.1137094892049357,
            -0.863773149460377,
            0.4328118256317163
        ],
        "position": [
            0.5857224913664493,
            0.42423048934562546,
            0.14143896490376767
        ]
    },
    "hdpose hdpe_bottle": {
        "orientation": [
            3.017392510263533,
            -0.7868368864879415,
            0.20731128575136548
        ],
        "position": [
            0.6172580946519022,
            0.34293886316230127,
            0.10949870490868233
        ]
    },
    "metal": {
        "orientation": [
            0.4704533919703417,
            -0.7594665864967116,
            0.6794894420347449
        ],
        "position": [
            -0.18754285953169905,
            -0.43027532755396264,
            0.7375280386493742
        ]
    },
    "pet_bottle": {
        "orientation": [
            -2.977923270074921,
            -0.45519678727420826,
            -3.0331898414249263
        ],
        "position": [
            -0.6021984877414622,
            -0.19627839504040367,
            0.13833317631029926
        ]
    },
    "plastic": {
        "orientation": [
            3.14,
            -0.0,
            0.0
        ],
        "position": [
            0.37,
            0.25,
            0.15
        ]
    },
    "pp": {
        "position": [
            0.0053436364830858505,
            -0.44116896210617124,
            0.6939048403025802
        ],
        "orientation": [
            1.2164177571360302,
            -1.1945894077763668,
            1.1887631241810361
        ]
    }
}