{
    "fabric": {
        "orientation": [
            -1.5645595497424094,
            -0.010348163937575183,
            0.007059677782124296
        ],
        "position": [
            0.08166391468681795,
            0.4417318320656999,
            0.6113575488902491
        ]
    },
    "hdpe_bottle": {
        "orientation": [
            3.14,
            -0.0,
            0.0
        ],
        "position": [
            0.37,
            0.25,
            0.15
        ]
    },
    "metal": {
        "orientation": [
            0.4704533919703417,
            -0.7594665864967116,
            0.6794894420347449
        ],
        "position": [
            -0.18754285953169905,
            -0.43027532755396264,
            0.7375280386493742
        ]
    },
    "pet_bottle": {
        "orientation": [
            2.968982253545826,
            -0.8449186284846698,
            0.49406580968195135
        ],
        "position": [
            0.5384366561846021,
            0.3462349528550814,
            0.18368036817264677
        ]
    },
    "plastic": {
        "orientation": [
            3.14,
            -0.0,
            0.0
        ],
        "position": [
            0.37,
            0.25,
            0.15
        ]
    }
}