{
    "fabric": {
        "orientation": [
            -1.5645595497424094,
            -0.010348163937575195,
            0.007059677782124313
        ],
        "position": [
            0.08166391468681795,
            0.4417318320656999,
            0.6113575488902491
        ]
    },
    "hdpe": {
        "orientation": [
            -3.134582742894579,
            -0.30693272190048504,
            -0.03990588633571323
        ],
        "position": [
            0.5833365595885109,
            -0.053537053563619035,
            0.09022771885387476
        ]
    },
    "hdpe_bottle": {
        "position": [
            -0.5949868513503398,
            0.019344108045097397,
            0.36780985046377446
        ],
        "orientation": [
            2.8150662706448206,
            -0.8973748291668782,
            3.058729545973437
        ]
    },
    "hdpose hdpe_bottle": {
        "orientation": [
            3.017392510263533,
            -0.7868368864879415,
            0.20731128575136548
        ],
        "position": [
            0.6172580946519022,
            0.34293886316230127,
            0.10949870490868233
        ]
    },
    "metal": {
        "orientation": [
            0.4704533919703417,
            -0.7594665864967116,
            0.6794894420347449
        ],
        "position": [
            -0.18754285953169905,
            -0.43027532755396264,
            0.7375280386493742
        ]
    },
    "pet_bottle": {
        "position": [
            -0.6109295949407715,
            -0.22385717954936135,
            0.12940301150830405
        ],
        "orientation": [
            -2.9463388070625594,
            -0.503647553411329,
            -3.0488789524560937
        ]
    },
    "plastic": {
        "orientation": [
            3.14,
            -0.0,
            0.0
        ],
        "position": [
            0.37,
            0.25,
            0.15
        ]
    },
    "pp_container": {
        "position": [
            -0.5911308397888597,
            -0.49331882700222773,
            0.14518399035365717
        ],
        "orientation": [
            2.9541038730979965,
            -1.0617890988792704,
            -2.2907142644231464
        ]
    }
}