{
    "fabric": {
        "orientation": [
            -1.5645595497424094,
            -0.010348163937575195,
            0.007059677782124313
        ],
        "position": [
            0.08166391468681795,
            0.4417318320656999,
            0.6113575488902491
        ]
    },
    "hdpe": {
        "orientation": [
            -3.134582742894579,
            -0.30693272190048504,
            -0.03990588633571323
        ],
        "position": [
            0.5833365595885109,
            -0.053537053563619035,
            0.09022771885387476
        ]
    },
    "hdpe_bottle": {
        "orientation": [
            2.8355723239160255,
            -0.6644114058136946,
            -1.9634742175109237
        ],
        "position": [
            -0.5801241777188613,
            -0.44198772493935923,
            0.13314733986531403
        ]
    },
    "hdpose hdpe_bottle": {
        "orientation": [
            3.017392510263533,
            -0.7868368864879415,
            0.20731128575136548
        ],
        "position": [
            0.6172580946519022,
            0.34293886316230127,
            0.10949870490868233
        ]
    },
    "metal": {
        "orientation": [
            0.4704533919703417,
            -0.7594665864967116,
            0.6794894420347449
        ],
        "position": [
            -0.18754285953169905,
            -0.43027532755396264,
            0.7375280386493742
        ]
    },
    "pet_bottle": {
        "orientation": [
            3.0348823930436066,
            0.5659370328070582,
            -0.11946119381692022
        ],
        "position": [
            -0.556578484377196,
            -0.20542100864298288,
            0.13996709982130293
        ]
    },
    "plastic": {
        "orientation": [
            3.14,
            -0.0,
            0.0
        ],
        "position": [
            0.37,
            0.25,
            0.15
        ]
    },
    "pp_container": {
        "orientation": [
            3.0348823930436066,
            0.5659370328070582,
            -0.11946119381692022
        ],
        "position": [
            -0.5662968862855345,
            0.06512228402813107,
            0.13996709982130293
        ]
    }
}